{
    "precisions_at_level": {
        "1": 1.0,
        "5": 0.9041063329872685,
        "10": 0.7956969564504672
    },
    "map": 1.0,
    "nDCG": 1.0
}