{
    "precisions_at_level": {
        "1": 1.0,
        "5": 0.9179627726390316,
        "10": 0.8358427543679342
    },
    "map": 1.0,
    "nDCG": 1.0
}