{
    "precisions_at_level": {
        "1": 1.0,
        "5": 0.9711564160049477,
        "10": 0.9347791754558407
    },
    "map": 1.0,
    "nDCG": 1.0
}